<?xml version="1.0" encoding="UTF-8"?>
<!DOCTYPE mapper PUBLIC "-//mybatis.org//DTD Mapper 3.0//EN" 
  "http://mybatis.org/dtd/mybatis-3-mapper.dtd">
  
<mapper namespace="answerdao">
    <resultMap type="com.woongjin.answer.vo.AnswerVo" id="selectMap">
        <result property = "surId" column="SUR_ID"/>    
        <result property = "qstId" column="QST_ID"/>
        <result property = "aswId" column="ASW_ID"/>
        <result property = "aswCont" column="ASW_CONT"/>
        
    </resultMap>
    
	<sql id = "columnList">
		SUR_ID, QST_ID, ASW_ID, ASW_CONT
	</sql> 
	
<!-- 셀렉트 리스트 -->
    <select id = "selectList"  parameterType="com.woongjin.survey.search.SurveySearch"  resultMap = "selectMap">
          SELECT
             <include refid="columnList"/>
          FROM ANSWER    
          ORDER BY SUR_ID
        
    </select>

 
   	<!-- 셀렉트 리스트 -->
    <select id = "selectListVal"  parameterType="java.util.Map"  resultMap = "selectMap">
    /**/
    
		SELECT
			<include refid="columnList"/>
		FROM  ANSWER
		WHERE SUR_ID = #{surId}
		AND QST_ID = #{qstId} 
		ORDER BY SUR_ID

    </select>
 
<select id = "selectListCount" parameterType="com.woongjin.survey.search.SurveySearch"  resultType="int">
        SELECT
            COUNT(*)
        FROM ANSWER    
</select> 
 
<!-- 값 한개 셀렉트 -->    
    <select id = "select" parameterType="java.lang.String" resultMap = "selectMap" >
          SELECT
            <include refid="columnList"/>
          FROM ANSWER
          WHERE SUR_ID = #{value}    
    </select>

<!-- 인서트 -->    
     <insert parameterType="com.woongjin.answer.vo.AnswerVo" id = "insert">
          INSERT INTO ANSWER(
              <include refid="columnList"/>
          )VALUE(
              #{surId},#{qstId},#{aswId},#{aswCont}
          )
    </insert>

    
</mapper>