<?xml version="1.0" encoding="UTF-8"?>
<!DOCTYPE mapper PUBLIC "-//mybatis.org//DTD Mapper 3.0//EN" 
  "http://mybatis.org/dtd/mybatis-3-mapper.dtd">
  
<mapper namespace="surveydao">
    <resultMap type="com.woongjin.survey.vo.SurveyVo" id="selectMap">
        <result property = "surId" column="SUR_ID"/>    
        <result property = "surIndex" column="SUR_INDEX"/>
        <result property = "surTitle" column="SUR_TITLE"/>
        <result property = "surUse" column="SUR_USE"/>
        <result property = "surDate" column="SUR_DATE"/>
    </resultMap>
    
	<sql id = "columnList">
		SUR_ID, SUR_INDEX, SUR_TITLE, SUR_USE, DATE_FORMAT(SUR_DATE, '%Y-%m-%d') AS SUR_DATE
	</sql> 


	<!-- 셀렉트 리스트 -->
    <select id = "selectList"  parameterType="com.woongjin.survey.search.SurveySearch"  resultType="com.woongjin.survey.vo.SurveyVo">
		SELECT
			<include refid="columnList"/>
		FROM SURVEY    
		ORDER BY SUR_ID

    </select>

 
	<select id = "selectListCount" parameterType="com.woongjin.survey.search.SurveySearch"  resultType="int">
        SELECT
            COUNT(*)
        FROM SURVEY    
	</select> 
 
	<!-- 값 한개 셀렉트 -->    
    <select id = "select" parameterType="java.lang.String" resultType="com.woongjin.survey.vo.SurveyVo" >
		SELECT
		   <include refid="columnList"/>
		FROM SURVEY
		WHERE SUR_ID = #{value}    
    </select>

	<!-- 인서트 -->    
     <insert parameterType="com.woongjin.survey.vo.SurveyVo" id = "insert">
		INSERT INTO SURVEY(
			SUR_ID , SUR_INDEX, SUR_TITLE , SUR_USE, SUR_DATE
		)VALUE(
		    #{surId},#{surIndex},#{surTitle},#{surUse},NOW()
		)
    </insert>
   
    <delete id = "delete" parameterType="com.woongjin.survey.vo.SurveyVo" >
		DELETE FROM SURVEY WHERE SUR_ID = #{surId}
    </delete>
</mapper>