<?xml version="1.0" encoding="UTF-8"?>
<!DOCTYPE mapper PUBLIC "-//mybatis.org//DTD Mapper 3.0//EN" 
  "http://mybatis.org/dtd/mybatis-3-mapper.dtd">
  
<mapper namespace="manu.ManufacturerDao">
    <resultMap type="com.intell.manufacturer.vo.ManufactureVo" id="selectMap">
        <result property = "COUTRY_CD" column="COUTRY_CD"/>    
        <result property = "MAN_CD" column="MAN_CD"/>
        <result property = "MAN_MAP_CD" column="MAN_MAP_CD"/>
        <result property = "SORT_ORDR" column="SORT_ORDR"/>
        <result property = "USE_YN" column="USE_YN"/>
        <result property = "REG_USR_ID" column="REG_USR_ID"/>
        <result property = "REG_DT" column="REG_DT"/>
    </resultMap>
  
 <sql id = "columnList">
     COUTRY_CD,
     MAN_CD,
     MAN_MAP_CD,
     SORT_ORDR,
     USE_YN,
     REG_USR_ID,
     REG_DT
 </sql> 

  
<!-- 셀렉트 리스트 -->
   <select id = "selectList"  parameterType="com.intell.manufacturer.search.ManufacturerSearch"  resultMap = "selectMap">
          SELECT
             <include refid="columnList"/>
          FROM TB_CM_MAN_CD    
    </select>
 
<select id = "selectListCount" parameterType="com.intell.manufacturer.search.ManufacturerSearch"  resultType="int">
        SELECT
            COUNT(*)
        FROM TB_CM_MAN_CD    
</select> 
 
<!-- 값 한개 셀렉트 -->    
    <select id = "select" parameterType="java.lang.String" resultMap = "selectMap" >
          SELECT
              <include refid="columnList"/>
          FROM TB_CM_MAN_CD
          WHERE MAN_CD = #{value}    
    </select>

<!-- 인서트 -->    
     <insert parameterType="com.intell.manufacturer.vo.ManufactureVo" id = "insert">
          INSERT INTO TB_CM_MAN_CD(
             USER_ID, PASSWORD, USER_NAME, EMAIL, TYPE, DATE 
          )VALUE(
              #{userId},#{password}, #{userName}, #{email}, #{type},NOW()
          )
    </insert>
    
 <!-- 업데이트 -->   
    <update id = "update" parameterType="com.intell.manufacturer.vo.ManufactureVo" >
          UPDATE TB_CM_MAN_CD SET
            <if test="password != null and password != '' ">
               PASSWORD = #{password},
            </if>
            
            <if test="userName != null and userName != '' ">
               USER_NAME = #{userName},
            </if>
             UPDATE_DATE = NOW()
          WHERE USER_ID = #{userId}   
    </update> 
   
 <!-- 딜리트 -->
   <delete id = "delete" parameterType="com.intell.manufacturer.vo.ManufactureVo" >
          DELETE FROM TB_CM_MAN_CD WHERE USER_ID = #{user_Id}
    </delete>
</mapper>