<?xml version="1.0" encoding="UTF-8"?>
<beans xmlns="http://www.springframework.org/schema/beans"
	xmlns:xsi="http://www.w3.org/2001/XMLSchema-instance"
	xmlns:tx="http://www.springframework.org/schema/tx"
	xsi:schemaLocation="http://www.springframework.org/schema/beans http://www.springframework.org/schema/beans/spring-beans.xsd
		http://www.springframework.org/schema/tx http://www.springframework.org/schema/tx/spring-tx-4.0.xsd">

    <bean id="dataSource" class="org.apache.commons.dbcp.BasicDataSource">
	        <!-- Example: a logical view name of 'showMessage' is mapped to '/WEB-INF/jsp/showMessage.jsp' -->
	        <property name="driverClassName" value="${connection.driver.class}"/>
	        <property name="url" value="${connection.url}"/>   
	        <property name="username" value="${connection.username}"/>
	        <property name="password" value="${connection.password}"/>
	        <property name ="validationQuery" value="select 1"/>
	</bean>
	
	
	<bean id="sqlSessionFactory" class="org.mybatis.spring.SqlSessionFactoryBean">
	        <property name="dataSource" ref="dataSource"/>
	        <property name="mapperLocations" value="classpath*:mapper/**/**/*_Sql.xml"/>
	</bean>
	
		
	<bean id="sqlSessionTemplate" class="org.mybatis.spring.SqlSessionTemplate" destroy-method="clearCache">
	      <constructor-arg index="0" ref="sqlSessionFactory"/>  
	        
	</bean>
	
	<bean id="transactionManager" class="org.springframework.jdbc.datasource.DataSourceTransactionManager">
	     <property name="dataSource" ref="dataSource"/>  
	        
	</bean>
	
	<tx:advice id = "txAdvice" transaction-manager="transactionManager">
	   <tx:attributes>
	      <tx:method name="insert" rollback-for="Exception"/>
	      <tx:method name="update" rollback-for="Exception"/>
	      <tx:method name="delete" rollback-for="Exception"/>
	   </tx:attributes>
	</tx:advice>
</beans>
