<?xml version="1.0" encoding="UTF-8"?>
<!DOCTYPE mapper PUBLIC "-//mybatis.org//DTD Mapper 3.0//EN" 
  "http://mybatis.org/dtd/mybatis-3-mapper.dtd">
  
<mapper namespace="questiondao">
    <resultMap type="com.woongjin.question.vo.QuestionVo" id="selectMap">
        <result property = "surId" column="SUR_ID"/>    
        <result property = "qstId" column="QST_ID"/>
        <result property = "qstIndex" column="QST_INDEX"/>
        <result property = "qstCont" column="QST_CONT"/>
    </resultMap>
    
	<sql id = "columnList">
		SUR_ID, QST_ID, QST_INDEX, QST_CONT, QST_DATE
	</sql> 


	<!-- 셀렉트 리스트 -->
    <select id = "selectList"  parameterType="java.lang.String"  resultMap = "selectMap">
		SELECT
			<include refid="columnList"/>
		FROM QUESTION
		WHERE SUR_ID = #{value};    
		
		
    </select>

	<!-- 셀렉트 리스트 -->
    <select id = "selectListVal"  parameterType="java.lang.String"  resultMap = "selectMap">
		SELECT
			<include refid="columnList"/>
		FROM QUESTION  
		WHERE SUR_ID = #{value};
		ORDER BY SUR_ID

    </select>
 
	<select id = "selectListCount" parameterType="com.woongjin.survey.search.SurveySearch"  resultType="int">
        SELECT
            COUNT(*)
        FROM QUESTION    
	</select> 
 
	<!-- 값 한개 셀렉트 -->    
    <select id = "select" parameterType="java.lang.String" resultMap = "selectMap" >
        
		SELECT
		   <include refid="columnList"/>
		FROM QUESTION
		WHERE id = #{value}    
    </select>

	<!-- 인서트 -->    
     <insert parameterType="com.woongjin.question.vo.QuestionVo" id = "insert">

		INSERT INTO QUESTION(
			<include refid="columnList"/>
		)VALUE(
		    #{surId},#{qstId},#{qstIndex},#{qstCont},NOW()
		)
    </insert>
    
       <!-- 업데이트 : 모든 설문지 수정할때 사용할 것들 : 질문 내역만 변경할 예정 -->   
    <update id="allupdate" parameterType="com.woongjin.question.vo.QuestionVo" >
 		UPDATE QUESTION SET
            QST_CONT = #{qstCont}
		WHERE SUR_ID = #{surId} AND QST_ID = #{qstId};  
    </update> 
    
   
    <delete id = "delete" parameterType="com.woongjin.question.vo.QuestionVo" >
		DELETE FROM QUESTION WHERE id = #{surId}
    </delete>
</mapper>