<?xml version="1.0" encoding="UTF-8"?>
<!DOCTYPE mapper PUBLIC "-//mybatis.org//DTD Mapper 3.0//EN" 
  "http://mybatis.org/dtd/mybatis-3-mapper.dtd">
  
<mapper namespace="surveydao">
    <resultMap type="com.woongjin.survey.vo.SurveyVo" id="selectMap">
        <result property = "surId" column="SUR_ID"/>    
        <result property = "surIndex" column="SUR_INDEX"/>
        <result property = "surTitle" column="SUR_TITLE"/>
        <result property = "surUse" column="SUR_USE"/>
        <result property = "surDate" column="SUR_DATE"/>
    </resultMap>
    
	<sql id = "columnList">
		SUR_ID, SUR_INDEX, SUR_TITLE, SUR_USE, DATE_FORMAT(SUR_DATE, '%Y-%m-%d') AS SUR_DATE
	</sql> 


	<!-- 셀렉트 리스트 -->
    <select id = "selectList"  parameterType="com.woongjin.survey.search.SurveySearch"  resultMap="selectMap">
		SELECT
			<include refid="columnList"/>
		FROM SURVEY    
		ORDER BY SUR_ID
    </select>
    
    <!-- 셀렉트 리스트 -->
    <select id = "selUseList"  parameterType="com.woongjin.survey.search.SurveySearch"  resultType="String">
		SELECT
			SUR_ID
		FROM SURVEY    
	    WHERE SUR_USE = 'Y'
    </select>
  
	<select id = "selectListCount" parameterType="com.woongjin.survey.search.SurveySearch"  resultType="int">
        SELECT
            COUNT(*)
        FROM SURVEY    
	</select> 
 
	<!-- 값 한개 셀렉트 -->    
    <select id = "select" parameterType="java.lang.String" resultType="com.woongjin.survey.vo.SurveyVo" >
		SELECT
		   <include refid="columnList"/>
		FROM SURVEY
		WHERE SUR_ID = #{value}    
    </select>

	<!-- 인서트 -->    
     <insert parameterType="com.woongjin.survey.vo.SurveyVo" id = "insert">
		INSERT INTO SURVEY(
			SUR_ID , SUR_INDEX, SUR_TITLE , SUR_USE, SUR_DATE
		)VALUE(
		    #{surId},#{surIndex},#{surTitle},#{surUse},NOW()
		)
    </insert>
   

    <!-- 업데이트 : 설문지의 사용 유무에 따라 Y나 N으로 변경할 부분  -->   
    <update id="update" parameterType="com.woongjin.survey.vo.SurveyVo" >
 		UPDATE SURVEY SET
            SUR_USE = #{surUse}
		WHERE SUR_ID = #{surId}   
    </update> 
    
      <!-- 업데이트 : 설문지의 사용 유무에 따라 Y나 N으로 변경할 부분  -->   
    <update id="update2">
 		UPDATE SURVEY SET
            SUR_USE = 'N'   
    </update> 
   
   
   <!-- 업데이트 : 모든 설문지 수정할때 사용할 것들  -->   
    <update id="allupdate" parameterType="com.woongjin.survey.vo.SurveyVo" >
 		UPDATE SURVEY SET
 		    SUR_TITLE = #{surTitle},
            SUR_USE = #{surUse}
		WHERE SUR_ID = #{surId}   
    </update> 
    
    <delete id = "delete" parameterType="com.woongjin.survey.vo.SurveyVo" >
		DELETE FROM SURVEY WHERE SUR_ID = #{surId}
    </delete>
</mapper>