<?xml version="1.0" encoding="UTF-8"?>

<beans xmlns="http://www.springframework.org/schema/beans" 
       xmlns:xsi="http://www.w3.org/2001/XMLSchema-instance"
	   xmlns:mvc="http://www.springframework.org/schema/mvc" 
	   xsi:schemaLocation= "http://www.springframework.org/schema/beans http://www.springframework.org/schema/beans/spring-beans.xsd
	                        http://www.springframework.org/schema/mvc http://www.springframework.org/schema/mvc/spring-mvc.xsd">


	<bean id="messageSource" class="org.springframework.context.support.ReloadableResourceBundleMessageSource">
	        <!-- Example: a logical view name of 'showMessage' is mapped to '/WEB-INF/jsp/showMessage.jsp' -->
	        <property name="basenames" >
	           <list>
	             <value>classpath:messages/message</value>
	           </list>
	        </property>
	        <property name="defaultEncoding" value="UTF-8"/>
	      
	        <property name = "cacheSeconds" value="60"/>
	</bean>
	
	
	<mvc:interceptors>
	    <bean class = "org.springframework.web.servlet.i18n.LocaleChangeInterceptor">
	       <property name="paramName" value = "lang"/>
	    </bean>
	</mvc:interceptors>
	
	
    <bean id = "localeResolver" class = "org.springframework.web.servlet.i18n.SessionLocaleResolver">
        <property name = "defaultLocale" value = "ko"></property>
    </bean>
    
</beans>
