<?xml version="1.0" encoding="UTF-8"?>
<!DOCTYPE mapper PUBLIC "-//mybatis.org//DTD Mapper 3.0//EN" 
  "http://mybatis.org/dtd/mybatis-3-mapper.dtd">
  
<mapper namespace="log.save">


  
 <sql id = "columnList">
     INDEX,
     USER_ID,
     LOG_TIME,
     LOG_TYPE
 </sql> 
  
<!-- 셀렉트 리스트 -->
    <select id = "selectList"  parameterType="com.woongjin.login.search.LoginSearch"  resultType="com.woongjin.login.vo.LoginVo">
          SELECT
             <include refid="columnList"/>
          FROM LOGINLOG    
          ORDER BY INDEX
    </select>
 
<select id = "selectListCount" parameterType="com.woongjin.login.search.LoginSearch"  resultType="com.woongjin.login.vo.LoginVo">
        SELECT
            COUNT(*)
        FROM LOGINLOG    
</select> 
 
<!-- 값 한개 셀렉트 -->    
    <select id = "select" parameterType="java.lang.String" resultType="com.woongjin.login.vo.LoginVo" >
          SELECT
              <include refid="columnList"/>
          FROM LOGINLOG
          WHERE USER_ID = #{value}    
    </select>

<!-- 인서트 -->    
     <insert parameterType="com.woongjin.login.vo.LoginVo" id = "insert">
          INSERT INTO LOGINLOG(
                 USER_ID, LOG_TIME
          )VALUE(
              #{userId}, NOW()
          )
    </insert>
    
 <!-- 업데이트 -->   
    <update id = "update" parameterType="com.woongjin.login.vo.LoginVo" >
          UPDATE LOGINLOG SET
               USER_ID = #{userId},
               LOG_TIME = NOW(),
               LOG_TYPE = #{LOG_TYPE}
          WHERE USER_ID = #{USER_ID}   
    </update> 
   
 
   <delete id = "delete" parameterType="com.woongjin.login.vo.LoginVo" >
          DELETE FROM LOGINLOG WHERE USER_ID = #{userId}
    </delete>
</mapper>