<?xml version="1.0" encoding="UTF-8"?>
<!DOCTYPE mapper PUBLIC "-//mybatis.org//DTD Mapper 3.0//EN" 
  "http://mybatis.org/dtd/mybatis-3-mapper.dtd">
  
<mapper namespace="submitdao">
    <resultMap type="com.woongjin.submit.vo.SubmitVo" id="selectMap">
        <result property = "Id" column="ID"/>
        <result property = "surId" column="SUR_ID"/>    
        <result property = "qstId" column="QST_ID"/>
        <result property = "aswId" column="ASW_ID"/>
        <result property = "smtTime" column="SMT_TIME"/>
        
    </resultMap>
    
	<sql id = "columnList">
		ID, SUR_ID, QST_ID, ASW_ID, SMT_TIME
	</sql> 
	
<!-- 셀렉트 리스트 -->
    <select id = "selectList"  parameterType="java.util.Map"  resultMap = "selectMap">
          SELECT
             <include refid="columnList"/>
          FROM SUBMIT    
          WHERE SUR_ID = #{surId}
		  AND QST_ID = #{qstId} 
        
    </select>

 

 
<select id = "selectListCount" parameterType="com.woongjin.survey.search.SurveySearch"  resultType="int">
        SELECT
            COUNT(*)
        FROM SUBMIT    
</select> 
 
<!-- 값 한개 셀렉트 -->    
    <select id = "select" parameterType="java.lang.String" resultMap = "selectMap" >
          SELECT
            <include refid="columnList"/>
          FROM SUBMIT
          WHERE QST_ID = #{value}    
    </select>


     <insert parameterType="com.woongjin.submit.vo.SubmitVo" id = "insert">
          INSERT INTO SUBMIT(
            ID,SUR_ID,QST_ID,ASW_ID,SMT_TIME
          )VALUE(
             #{Id},#{surId},#{qstId}, #{aswId},NOW()
          )
    </insert>
    
</mapper>