<?xml version="1.0" encoding="UTF-8"?>
<beans xmlns="http://www.springframework.org/schema/beans"
	xmlns:xsi="http://www.w3.org/2001/XMLSchema-instance"
	xmlns:mvc="http://www.springframework.org/schema/mvc"
	xsi:schemaLocation="http://www.springframework.org/schema/mvc http://www.springframework.org/schema/mvc/spring-mvc-3.1.xsd
		http://www.springframework.org/schema/beans http://www.springframework.org/schema/beans/spring-beans-3.1.xsd">


	
	<bean id="messageSource" class="org.springframework.context.support.ReloadableResourceBundleMessageSource">
 		<property name="defaultEncoding" value="UTF-8"/> 
     	<property name="basenames">
      		   <list>
          <value>classpath:messages/message</value>
         </list>
     </property>
     <property name="fallbackToSystemLocale" value="false"/>   
     <property name="cacheSeconds" value="60"/> 
 	</bean>


	<!-- 인터셉터는 servle-context.xml에 기재 -->

</beans>