<?xml version="1.0" encoding="UTF-8"?>
<!DOCTYPE mapper PUBLIC "-//mybatis.org//DTD Mapper 3.0//EN" 
  "http://mybatis.org/dtd/mybatis-3-mapper.dtd">
  
<mapper namespace="user.userDao">
    <resultMap type="com.intell.user.vo.UserInfoVo" id="selectMap">
        <result property = "userId" column="USER_ID"/>    
        <result property = "password" column="PASSWORD"/>
        <result property = "userName" column="USER_NAME"/>
        <result property = "email" column="EMAIL"/>
        <result property = "type" column="TYPE"/>
        <result property = "date" column="DATE"/>
    </resultMap>
  
 <sql id = "columnList">
     USER_ID,
     PASSWORD,
     USER_NAME,
     EMAIL,
     TYPE,
     DATE
 </sql> 
  
<!-- 셀렉트 리스트 -->
    <select id = "selectList"  parameterType="com.intell.user.search.UserInfoSearch"  resultMap = "selectMap">
          SELECT
             <include refid="columnList"/>
          FROM USER_INFO    
          ORDER BY USER_ID
          limit #{startRowIndex}, #{pagePerRecord}
    </select>
 
<select id = "selectListCount" parameterType="com.intell.user.search.UserInfoSearch"  resultType="int">
        SELECT
            COUNT(*)
        FROM USER_INFO    
</select> 
 
<!-- 값 한개 셀렉트 -->    
    <select id = "select" parameterType="java.lang.String" resultMap = "selectMap" >
          SELECT
              <include refid="columnList"/>
          FROM USER_INFO
          WHERE USER_ID = #{value}    
    </select>

<!-- 인서트 -->    
     <insert parameterType="com.intell.user.vo.UserInfoVo" id = "insert">
          INSERT INTO USER_INFO(
             USER_ID, PASSWORD, USER_NAME, EMAIL, TYPE, DATE 
          )VALUE(
              #{userId},#{password}, #{userName}, #{email}, #{type},NOW()
          )
    </insert>
    
 <!-- 업데이트 -->   
    <update id = "update" parameterType="com.intell.user.vo.UserInfoVo" >
          UPDATE USER_INFO SET
            <if test="password != null and password != '' ">
               PASSWORD = #{password},
            </if>
            
            <if test="userName != null and userName != '' ">
               USER_NAME = #{userName},
            </if>
             UPDATE_DATE = NOW()
          WHERE USER_ID = #{userId}   
    </update> 
   
 <!-- 딜리트 -->
   <delete id = "delete" parameterType="com.intell.user.vo.UserInfoVo" >
          DELETE FROM USER_INFO WHERE USER_ID = #{user_Id}
    </delete>
</mapper>