<?xml version="1.0" encoding="UTF-8"?>
<!DOCTYPE mapper PUBLIC "-//mybatis.org//DTD Mapper 3.0//EN" 
  "http://mybatis.org/dtd/mybatis-3-mapper.dtd">
  
<mapper namespace="home.homeDao">

<!-- 셀렉트 리스트 -->
    <select id = "selectList"  parameterType="com.woongjin.home.search.HomeSearch"  resultType="com.woongjin.home.vo.HomeVo">
          SELECT
              PARAM1 AS param1,
              PARAM2 AS param2
          FROM HOME    
          ORDER BY PARAM1
          limit #{startRowIndex}, #{pagePerRecord}
    </select>
 
<select id = "selectListCount" parameterType="com.woongjin.home.search.HomeSearch"  resultType="int">
        SELECT
            COUNT(*)
        FROM HOME    
</select> 
 
<!-- 값 한개 셀렉트 -->    
    <select id = "select" parameterType="java.lang.String" resultType="com.woongjin.home.vo.HomeVo" >
          SELECT
              PARAM1 AS param1,
              PARAM2 AS param2
          FROM HOME
          WHERE PARAM1 = #{value}    
    </select>

<!-- 인서트 -->    
     <insert parameterType="com.woongjin.home.vo.HomeVo" id = "insert">
          INSERT INTO HOME(
             PARAM1, PARAM2
          )VALUE(
              #{param1},#{param2}
          )
    </insert>
    
 <!-- 딜리트 -->   
    <update id = "update" parameterType="com.woongjin.home.vo.HomeVo" >
          UPDATE HOME SET
             PARAM2 = #{param2}
          WHERE PARAM1 = #{param1}   
    </update> 
   
 
   <delete id = "delete" parameterType="com.woongjin.home.vo.HomeVo" >
          DELETE FROM HOME WHERE PARAM1 = #{param1}
    </delete>
</mapper>